continente,edad,goles_seleccion,nombre_jugador,numero_partidos_seleccion,pais_donde_juega,pais_nacimiento,posicion
Oceanía,22,3,Aaron Duke,39,Australia,Australia,Defensa central
Oceanía,38,30,Aaron Duke Duke,90,Alemania,Australia,Extremo izquierdo
Oceanía,25,6,Aaron Goodwin,46,Alemania,Australia,Mediocampista ofensivo
Oceanía,26,0,Aaron Grant,43,Inglaterra,Australia,Defensa central
Oceanía,30,0,Aaron Grant Smith,69,Francia,Australia,Arquero
Oceanía,22,6,Aaron Leckie,24,Japón,Australia,Mediocampista defensivo
Oceanía,25,5,Aaron Leckie Goodwin,21,Australia,Australia,Defensa central
Oceanía,26,4,Aaron Mooy,26,Alemania,Australia,Mediocampista ofensivo
Oceanía,21,4,Aaron Rowles,15,Australia,Australia,Mediocampista ofensivo
África,32,0,Abdou Dieng,61,España,Senegal,Arquero
África,21,0,Abdou Koulibaly,6,Portugal,Senegal,Defensa central
África,34,12,Abdou Koulibaly Mané,104,Portugal,Senegal,Mediocampista ofensivo
África,22,7,Abdou Ndiaye,20,Marruecos,Senegal,Extremo derecho
África,22,9,Achraf Bono,46,Marruecos,Marruecos,Mediocampista defensivo
África,22,0,Achraf Ziyech,24,España,Marruecos,Arquero
Europa,32,15,Adrien Camara,113,España,Francia,Mediocampista defensivo
Europa,35,15,Adrien Camara Giroud,76,México,Francia,Lateral derecho
Europa,39,3,Adrien Diaby,80,Ecuador,Francia,Defensa central
Europa,25,10,Adrien Fofana,23,Inglaterra,Francia,Delantero centro
Europa,18,8,Adrien Kanté,8,España,Francia,Extremo izquierdo
Europa,38,30,Adrien Kanté Diaby,88,Japón,Francia,Extremo izquierdo
Europa,18,2,Adrien Kanté Giroud,2,Inglaterra,Francia,Extremo izquierdo
América del Sur,25,1,Agustín Acuña,77,Argentina,Argentina,Defensa central
América del Sur,32,8,Agustín Acuña Romero,57,Argentina,Argentina,Delantero centro
América del Sur,23,7,Agustín Martínez,51,Argentina,Argentina,Mediocampista ofensivo
África,25,22,Ahmed Adebayo,47,Nigeria,Nigeria,Extremo derecho
África,19,5,Ahmed Balogun,14,Nigeria,Nigeria,Extremo izquierdo
África,39,4,Ahmed Musa,86,Francia,Nigeria,Defensa central
África,35,11,Ahmed Nwankwo,104,Marruecos,Nigeria,Extremo izquierdo
África,26,6,Ahmed Okafor,13,Nigeria,Nigeria,Extremo derecho
África,24,0,Ahmed Onyeka,3,Nigeria,Nigeria,Lateral izquierdo
Oceanía,33,5,Aiden Goodwin,57,Australia,Australia,Lateral izquierdo
Oceanía,22,3,Aiden Rowles,16,Australia,Australia,Lateral izquierdo
África,36,0,Alex Balogun,61,Nigeria,Nigeria,Arquero
África,26,1,Alex Okafor,58,Brasil,Nigeria,Extremo derecho
África,36,2,Alex Omeruo,49,Nigeria,Nigeria,Mediocampista defensivo
América del Norte,19,0,Alexis Chávez,8,Inglaterra,México,Arquero
América del Norte,30,13,Alexis Hernández,106,México,México,Mediocampista defensivo
América del Norte,29,1,Alexis Jiménez,47,México,México,Defensa central
América del Norte,26,0,Alexis Sánchez,29,México,México,Lateral derecho
América del Norte,21,8,Alexis Sánchez Chávez,11,México,México,Extremo izquierdo
América del Norte,26,8,Alexis Sánchez García,56,Portugal,México,Lateral derecho
América del Norte,34,4,Alexis Sánchez Martínez,55,México,México,Lateral derecho
África,28,7,Amine Bono,54,Marruecos,Marruecos,Delantero centro
África,27,8,Amine El Haddadi,35,Inglaterra,Marruecos,Extremo derecho
África,35,13,Amine Hakimi,98,España,Marruecos,Mediocampista ofensivo
África,31,8,Amine Mazraoui,78,Estados Unidos,Marruecos,Mediocampista defensivo
África,37,35,Amine Saïss,88,Alemania,Marruecos,Delantero centro
África,37,15,Anas Amrabat,84,Marruecos,Marruecos,Extremo izquierdo
África,37,5,Anas Benali,101,México,Marruecos,Lateral derecho
África,19,4,Anas Benali Amrabat,4,España,Marruecos,Mediocampista ofensivo
África,34,4,Anas Benali El Haddadi,18,España,Marruecos,Mediocampista ofensivo
África,19,0,Anas Hakimi,8,Inglaterra,Marruecos,Lateral derecho
África,18,2,Anas Mazraoui,2,Estados Unidos,Marruecos,Mediocampista ofensivo
África,18,1,Anas Mazraoui El Haddadi,1,Marruecos,Marruecos,Mediocampista defensivo
África,30,3,Anas Mazraoui El Idrissi,50,Senegal,Marruecos,Mediocampista defensivo
Europa,20,0,André Fernandes,4,Japón,Portugal,Lateral derecho
Europa,24,11,André Fernandes Silva,59,Argentina,Portugal,Extremo derecho
Europa,19,6,André Santos,7,Argentina,Portugal,Mediocampista ofensivo
Europa,27,16,André Santos Silva,49,Portugal,Portugal,Mediocampista ofensivo
América del Sur,32,4,Andrés Caicedo,57,Francia,Ecuador,Defensa central
América del Sur,39,1,Andrés Caicedo Méndez,94,Ecuador,Ecuador,Lateral izquierdo
América del Sur,23,3,Andrés Preciado,13,Ecuador,Ecuador,Defensa central
América del Sur,30,37,Andrés Quintero,104,Ecuador,Ecuador,Delantero centro
América del Sur,35,24,Andrés Quintero Méndez,77,Ecuador,Ecuador,Mediocampista ofensivo
América del Sur,26,0,Andrés Valencia,45,Inglaterra,Ecuador,Lateral derecho
Europa,23,0,Antoine Dubois,46,Australia,Francia,Arquero
Europa,38,9,Antoine Fofana,90,Inglaterra,Francia,Lateral izquierdo
Europa,18,4,Antoine Petit,4,Australia,Francia,Extremo izquierdo
Europa,19,5,Antoine Petit Petit,7,Francia,Francia,Extremo derecho
Asia,37,1,Ao Ito,27,Japón,Japón,Defensa central
Asia,28,12,Ao Ito Ito,49,Japón,Japón,Delantero centro
Asia,34,6,Ao Ito Morita,38,Japón,Japón,Mediocampista defensivo
Asia,25,12,Ao Kamada,19,Australia,Japón,Extremo izquierdo
Asia,37,0,Ao Suzuki,62,Estados Unidos,Japón,Arquero
Europa,27,0,Aurélien Camara,75,Senegal,Francia,Arquero
Europa,20,2,Aurélien Camara Giroud,18,Francia,Francia,Defensa central
Europa,32,13,Aurélien Camara Martin,67,Inglaterra,Francia,Delantero centro
Europa,19,7,Aurélien Diaby,7,Francia,Francia,Delantero centro
Europa,39,11,Aurélien Fofana,60,Francia,Francia,Lateral derecho
Europa,33,14,Aurélien Giroud,50,Francia,Francia,Delantero centro
Europa,21,1,Aurélien Kanté,16,Marruecos,Francia,Mediocampista defensivo
Europa,22,14,Aurélien Mbappé,14,Francia,Francia,Delantero centro
Europa,28,5,Aurélien Petit,54,Argentina,Francia,Mediocampista ofensivo
Asia,26,19,Ayase Endo,45,Alemania,Japón,Delantero centro
Asia,22,3,Ayase Ito,23,Alemania,Japón,Defensa central
Asia,19,1,Ayase Kamada,1,Japón,Japón,Extremo derecho
Asia,23,4,Ayase Yamamoto,38,Francia,Japón,Lateral izquierdo
Asia,37,9,Ayase Yamamoto Tanaka,41,Inglaterra,Japón,Extremo izquierdo
Europa,30,4,Bernardo Ferreira,18,Portugal,Portugal,Extremo izquierdo
Europa,29,11,Bernardo Neves,37,Portugal,Portugal,Mediocampista ofensivo
Europa,18,0,Bernardo Oliveira,4,Portugal,Portugal,Arquero
Europa,38,12,Bernardo Santos,61,Estados Unidos,Portugal,Extremo izquierdo
Europa,18,0,Bernardo Silva,3,Alemania,Portugal,Arquero
África,29,6,Bilal Amrabat,58,España,Marruecos,Defensa central
África,34,8,Bilal El Idrissi,68,Marruecos,Marruecos,Lateral izquierdo
África,31,7,Bilal En-Nesyri,94,Senegal,Marruecos,Defensa central
África,32,2,Bilal Hakimi,34,Marruecos,Marruecos,Lateral derecho
África,20,2,Bilal Hakimi Benali,9,Marruecos,Marruecos,Extremo derecho
África,21,1,Bilal Ziyech,1,España,Marruecos,Extremo derecho
África,38,22,Bilal Ziyech El Idrissi,72,Inglaterra,Marruecos,Delantero centro
Oceanía,23,1,Blake Grant,36,Alemania,Australia,Lateral izquierdo
Oceanía,34,5,Blake Irvine,62,Inglaterra,Australia,Defensa central
Oceanía,32,9,Blake Maclaren,87,Australia,Australia,Lateral izquierdo
Oceanía,23,0,Blake Mooy,44,Australia,Australia,Arquero
Oceanía,19,1,Blake Rowles,1,Japón,Australia,Defensa central
Oceanía,34,12,Blake Ryan,66,Australia,Australia,Mediocampista defensivo
África,33,26,Boulaye Diallo,68,Inglaterra,Senegal,Delantero centro
África,18,0,Boulaye Diallo Mané,3,Senegal,Senegal,Arquero
África,27,41,Boulaye Fall,70,España,Senegal,Delantero centro
África,35,6,Boulaye Gueye,49,España,Senegal,Defensa central
África,18,0,Boulaye Gueye Diallo,3,Senegal,Senegal,Lateral izquierdo
América del Norte,26,5,Brandon Adams,14,Francia,Estados Unidos,Extremo izquierdo
América del Norte,28,1,Brandon Adams Miller,57,Estados Unidos,Estados Unidos,Lateral derecho
América del Norte,38,2,Brandon Adams Robinson,27,Argentina,Estados Unidos,Lateral derecho
América del Norte,24,3,Brandon Morris,54,Inglaterra,Estados Unidos,Lateral derecho
América del Norte,31,21,Brandon Pulisic,97,Inglaterra,Estados Unidos,Extremo derecho
América del Norte,28,3,Brandon Robinson,76,Senegal,Estados Unidos,Mediocampista defensivo
América del Norte,30,7,Brandon Zimmerman,90,Estados Unidos,Estados Unidos,Mediocampista ofensivo
América del Sur,37,19,Bruno Ferreira,77,Brasil,Brasil,Mediocampista defensivo
Europa,35,4,Bruno Ferreira Pereira,101,Portugal,Portugal,Delantero centro
Europa,32,43,Bruno Gomes,54,Inglaterra,Portugal,Delantero centro
América del Sur,27,0,Bruno Lima,38,Senegal,Brasil,Arquero
América del Sur,30,3,Bruno Lima Pereira,16,Alemania,Brasil,Mediocampista defensivo
América del Sur,24,5,Bruno Lima Silva,32,Brasil,Brasil,Lateral izquierdo
Europa,35,9,Bruno Neves,49,Portugal,Portugal,Mediocampista ofensivo
América del Sur,30,2,Bruno Oliveira,60,Brasil,Brasil,Lateral izquierdo
América del Sur,31,2,Bruno Oliveira Ferreira,84,Brasil,Brasil,Defensa central
Europa,28,13,Bruno Pereira,40,Australia,Portugal,Delantero centro
América del Sur,34,1,Bruno Santos,67,Estados Unidos,Brasil,Lateral derecho
Europa,25,5,Bruno Santos 991,56,Portugal,Portugal,Lateral derecho
Europa,37,0,Bruno Santos Fernandes,115,Portugal,Portugal,Arquero
América del Sur,34,3,Bruno Santos Oliveira,64,Portugal,Brasil,Defensa central
América del Sur,39,5,Bruno Silva,118,México,Brasil,Defensa central
Europa,26,6,Bruno Silva Pereira,21,Alemania,Portugal,Extremo derecho
América del Sur,35,2,Bryan Arboleda,55,México,Ecuador,Defensa central
América del Sur,24,0,Bryan Arboleda Preciado,46,México,Ecuador,Arquero
América del Sur,34,12,Bryan Caicedo,53,Ecuador,Ecuador,Mediocampista defensivo
América del Sur,18,3,Bryan Cedeño,3,Francia,Ecuador,Extremo izquierdo
América del Sur,22,2,Bryan Cedeño Mina,17,Francia,Ecuador,Mediocampista defensivo
América del Sur,27,20,Bryan Méndez,34,Ecuador,Ecuador,Delantero centro
América del Sur,26,1,Bryan Quintero,30,Marruecos,Ecuador,Extremo izquierdo
América del Sur,33,4,Bryan Quintero Gruezo,106,Nigeria,Ecuador,Lateral derecho
Europa,28,26,Bukayo Brown,53,Inglaterra,Inglaterra,Extremo derecho
Europa,30,19,Bukayo Jones,99,Inglaterra,Inglaterra,Mediocampista ofensivo
Europa,23,6,Bukayo Walker,18,Inglaterra,Inglaterra,Delantero centro
Europa,21,1,Bukayo Walker Brown,26,Inglaterra,Inglaterra,Mediocampista defensivo
Europa,34,4,Bukayo Walker Walker,89,Inglaterra,Inglaterra,Mediocampista defensivo
Europa,18,2,Bukayo Wilson,8,España,Inglaterra,Defensa central
América del Sur,25,0,Caio Ferreira,64,Brasil,Brasil,Arquero
América del Sur,30,11,Caio Oliveira,77,Brasil,Brasil,Delantero centro
Europa,37,17,Callum Green,94,Francia,Inglaterra,Extremo izquierdo
Europa,18,1,Callum King,5,Inglaterra,Inglaterra,Delantero centro
Europa,21,2,Callum Smith,13,Inglaterra,Inglaterra,Defensa central
Europa,27,10,Callum White,26,España,Inglaterra,Extremo izquierdo
Europa,34,40,Callum White Wilson,72,Inglaterra,Inglaterra,Delantero centro
Europa,35,2,Callum Wilson,98,Portugal,Inglaterra,Lateral derecho
África,19,1,Calvin Adebayo,17,Alemania,Nigeria,Lateral derecho
África,32,32,Calvin Eze,74,Nigeria,Nigeria,Extremo izquierdo
África,27,3,Calvin Iheanacho,36,Nigeria,Nigeria,Defensa central
África,29,16,Calvin Osimhen,68,Francia,Nigeria,Extremo izquierdo
América del Norte,37,18,Cameron Adams,45,Estados Unidos,Estados Unidos,Delantero centro
América del Norte,30,4,Cameron Adams Carter,64,Japón,Estados Unidos,Lateral izquierdo
América del Norte,35,0,Cameron Carter,64,Argentina,Estados Unidos,Defensa central
América del Norte,33,58,Cameron Carter Zimmerman,101,Estados Unidos,Estados Unidos,Delantero centro
América del Norte,39,4,Cameron Morris,24,Estados Unidos,Estados Unidos,Defensa central
América del Norte,35,5,Cameron Reyna,108,Estados Unidos,Estados Unidos,Defensa central
América del Norte,27,1,Cameron Turner,46,Estados Unidos,Estados Unidos,Lateral izquierdo
América del Norte,23,0,Cameron Zimmerman,7,Estados Unidos,Estados Unidos,Defensa central
Europa,35,6,Carlos Alonso,89,España,España,Extremo derecho
Europa,35,6,Carlos Alonso Martínez,60,España,España,Lateral derecho
Europa,29,3,Carlos Alonso Ruiz,26,España,España,Mediocampista defensivo
Europa,34,4,Carlos Alonso Sánchez,56,Francia,España,Defensa central
América del Sur,24,0,Carlos Arboleda,33,Portugal,Ecuador,Arquero
América del Sur,27,1,Carlos Cedeño,10,Brasil,Ecuador,Mediocampista defensivo
América del Norte,23,4,Carlos Chávez,28,México,México,Mediocampista defensivo
América del Norte,35,36,Carlos Chávez García,123,Ecuador,México,Extremo izquierdo
América del Norte,29,10,Carlos Chávez Jiménez,67,México,México,Lateral derecho
América del Norte,25,1,Carlos Chávez Martínez,44,Estados Unidos,México,Lateral derecho
América del Norte,20,8,Carlos Chávez Ramírez,18,México,México,Delantero centro
América del Norte,38,0,Carlos García,25,México,México,Defensa central
América del Norte,18,1,Carlos Jiménez,8,Argentina,México,Defensa central
Europa,34,1,Carlos López,104,España,España,Defensa central
Europa,31,7,Carlos Martínez,41,Brasil,España,Lateral izquierdo
Europa,25,2,Carlos Martínez Alonso,54,España,España,Lateral derecho
Europa,21,5,Carlos Martínez Torres,14,Argentina,España,Mediocampista ofensivo
América del Sur,33,7,Carlos Mina,18,Inglaterra,Ecuador,Delantero centro
América del Norte,33,14,Carlos Moreno,106,España,México,Mediocampista ofensivo
América del Norte,37,11,Carlos Moreno López,49,Ecuador,México,Mediocampista ofensivo
América del Sur,30,1,Carlos Méndez,78,Estados Unidos,Ecuador,Lateral izquierdo
América del Sur,28,17,Carlos Méndez Cedeño,58,España,Ecuador,Delantero centro
América del Sur,39,7,Carlos Quintero,42,Ecuador,Ecuador,Defensa central
América del Norte,22,3,Carlos Ramírez,22,México,México,Mediocampista ofensivo
Europa,18,0,Carlos Rodríguez,5,España,España,Defensa central
Europa,28,13,Carlos Rodríguez Pérez,56,Alemania,España,Delantero centro
América del Norte,38,36,Carlos Sánchez,46,Australia,México,Delantero centro
América del Sur,35,5,Carlos Valencia,51,Marruecos,Ecuador,Mediocampista ofensivo
África,24,4,Cheikhou Diop,14,Senegal,Senegal,Mediocampista ofensivo
África,38,8,Cheikhou Fall,73,Senegal,Senegal,Defensa central
África,26,7,Cheikhou Gueye,66,Senegal,Senegal,Extremo izquierdo
África,20,6,Cheikhou Koulibaly,12,Inglaterra,Senegal,Extremo derecho
África,22,6,Cheikhou Mané,20,Brasil,Senegal,Extremo derecho
África,30,0,Cheikhou Mané Mané,14,Senegal,Senegal,Defensa central
África,38,7,Chidera Iheanacho,94,España,Nigeria,Extremo izquierdo
África,37,1,Chidera Omeruo,47,Nigeria,Nigeria,Lateral derecho
África,22,13,Chidera Onyeka,23,Nigeria,Nigeria,Extremo derecho
África,37,10,Chidera Osimhen,25,Senegal,Nigeria,Extremo derecho
América del Norte,29,9,Christian Johnson,58,Inglaterra,Estados Unidos,Extremo derecho
América del Norte,22,0,Christian Johnson Adams,31,Estados Unidos,Estados Unidos,Arquero
América del Norte,37,4,Christian Miller,110,España,Estados Unidos,Lateral derecho
América del Norte,33,1,Christian Miller Adams,63,Estados Unidos,Estados Unidos,Defensa central
América del Norte,32,4,Christian Miller Carter,55,España,Estados Unidos,Mediocampista ofensivo
América del Norte,27,25,Christian Miller Johnson,34,Estados Unidos,Estados Unidos,Delantero centro
América del Norte,20,7,Christian Morris,7,México,Estados Unidos,Delantero centro
América del Norte,29,6,Christian Pulisic,44,España,Estados Unidos,Lateral derecho
América del Norte,36,0,Christian Robinson,30,Ecuador,Estados Unidos,Lateral derecho
América del Norte,38,9,Christian Robinson Morris,9,Alemania,Estados Unidos,Extremo izquierdo
América del Norte,35,34,Christian Turner,99,Estados Unidos,Estados Unidos,Extremo derecho
Oceanía,27,7,Connor Grant,36,Inglaterra,Australia,Lateral derecho
Oceanía,33,8,Connor Maclaren,36,Australia,Australia,Mediocampista defensivo
Oceanía,38,6,Connor Maclaren Leckie,71,Australia,Australia,Mediocampista ofensivo
Oceanía,20,1,Connor Ryan,22,Senegal,Australia,Mediocampista defensivo
Oceanía,37,19,Connor Smith,81,Inglaterra,Australia,Mediocampista ofensivo
Oceanía,28,6,Craig Duke,61,Inglaterra,Australia,Lateral izquierdo
Oceanía,30,2,Craig Duke Goodwin,97,Alemania,Australia,Mediocampista defensivo
Oceanía,29,16,Craig Grant,35,Australia,Australia,Extremo izquierdo
Oceanía,36,22,Craig Grant Ryan,75,Australia,Australia,Mediocampista ofensivo
Oceanía,31,11,Craig Leckie,53,Estados Unidos,Australia,Mediocampista ofensivo
Oceanía,30,2,Craig Mooy,81,España,Australia,Lateral izquierdo
Oceanía,25,1,Craig Ryan,28,Australia,Australia,Defensa central
Europa,18,0,Cristiano Oliveira,9,Nigeria,Portugal,Lateral derecho
América del Norte,37,6,César García,30,Ecuador,México,Mediocampista ofensivo
América del Norte,21,9,César López,18,México,México,Delantero centro
América del Norte,20,0,César Ramírez,12,Senegal,México,Arquero
América del Norte,28,1,César Rodríguez,52,Argentina,México,Lateral izquierdo
América del Norte,27,38,César Rodríguez Hernández,73,México,México,Delantero centro
Asia,28,8,Daichi Endo,41,Estados Unidos,Japón,Lateral izquierdo
Asia,38,3,Daichi Ito,33,Japón,Japón,Defensa central
Asia,27,3,Daichi Ito Kamada,39,Alemania,Japón,Defensa central
Asia,37,6,Daichi Ito Suzuki,44,Japón,Japón,Defensa central
Asia,29,6,Daichi Morita,57,Australia,Japón,Mediocampista defensivo
Asia,26,34,Daichi Nakamura,64,Japón,Japón,Delantero centro
Asia,21,8,Daichi Sato,25,Brasil,Japón,Extremo izquierdo
Asia,37,18,Daichi Suzuki,98,Australia,Japón,Delantero centro
Asia,25,7,Daichi Tanaka,36,Inglaterra,Japón,Extremo derecho
Asia,22,2,Daichi Yamamoto,17,Japón,Japón,Mediocampista defensivo
Asia,37,2,Daichi Yamamoto Tanaka,24,Japón,Japón,Lateral izquierdo
Europa,21,7,Dani Martínez,13,España,España,Extremo derecho
Europa,24,8,Dani Sánchez,46,Argentina,España,Mediocampista defensivo
Europa,22,0,Dani Sánchez López,18,España,España,Arquero
América del Sur,28,24,Danilo Barbosa,73,Brasil,Brasil,Delantero centro
América del Sur,19,0,Danilo Costa,8,México,Brasil,Lateral derecho
América del Sur,19,8,Danilo Pereira,12,Inglaterra,Brasil,Extremo derecho
América del Sur,18,0,Danilo Souza,1,Estados Unidos,Brasil,Lateral derecho
Europa,22,4,Declan King,4,Inglaterra,Inglaterra,Delantero centro
Europa,23,4,Declan Smith,44,Inglaterra,Inglaterra,Lateral izquierdo
Europa,23,3,Declan Walker,46,Inglaterra,Inglaterra,Defensa central
Europa,32,47,Declan Walker Wilson,61,México,Inglaterra,Delantero centro
Europa,29,19,Declan White,57,Inglaterra,Inglaterra,Extremo izquierdo
Europa,25,22,Declan White White,57,Inglaterra,Inglaterra,Delantero centro
Europa,30,1,Declan Wilson,51,Inglaterra,Inglaterra,Defensa central
Europa,19,1,Declan Wright,4,Inglaterra,Inglaterra,Defensa central
Europa,34,0,Declan Wright Wright,89,Alemania,Inglaterra,Arquero
América del Sur,25,1,Diego Ferreira,11,Brasil,Brasil,Lateral izquierdo
América del Norte,24,23,Diego Jiménez,50,México,México,Extremo izquierdo
América del Sur,32,0,Diego Lima,23,Brasil,Brasil,Arquero
América del Norte,23,24,Diego López,30,México,México,Delantero centro
América del Norte,21,6,Diego Moreno,16,México,México,Extremo izquierdo
América del Sur,22,12,Diego Oliveira,22,Brasil,Brasil,Extremo izquierdo
América del Sur,27,3,Diego Oliveira Pereira,3,Brasil,Brasil,Mediocampista ofensivo
América del Sur,31,8,Diego Pereira,45,Argentina,Brasil,Mediocampista defensivo
América del Norte,39,1,Diego Ramírez,111,México,México,Lateral derecho
América del Norte,30,2,Diego Rodríguez,29,España,México,Defensa central
América del Norte,19,4,Diego Sánchez,4,México,México,Mediocampista ofensivo
Europa,38,4,Diogo Costa,39,Argentina,Portugal,Lateral izquierdo
Europa,22,2,Diogo Ferreira,27,Portugal,Portugal,Defensa central
Europa,35,3,Diogo Gomes,32,Portugal,Portugal,Mediocampista defensivo
Europa,27,3,Diogo Gomes Costa,13,México,Portugal,Mediocampista defensivo
América del Sur,35,0,Dixon Caicedo,78,Estados Unidos,Ecuador,Arquero
América del Sur,26,10,Dixon Chávez,79,Ecuador,Ecuador,Mediocampista defensivo
América del Sur,25,1,Dixon Gruezo,49,Inglaterra,Ecuador,Lateral izquierdo
América del Sur,34,8,Dixon Gruezo Chávez,124,Ecuador,Ecuador,Mediocampista defensivo
América del Sur,33,14,Dixon Gruezo Mina,119,Ecuador,Ecuador,Mediocampista ofensivo
América del Sur,28,0,Dixon Preciado,47,Alemania,Ecuador,Lateral izquierdo
América del Norte,31,10,Emiliano García,88,México,México,Lateral izquierdo
América del Norte,22,14,Emiliano Jiménez,43,México,México,Delantero centro
América del Norte,21,0,Emiliano López,21,México,México,Defensa central
América del Sur,19,2,Emiliano Molina,3,Argentina,Argentina,Mediocampista defensivo
América del Sur,28,8,Emiliano Pérez,66,España,Argentina,Lateral izquierdo
América del Norte,37,0,Emiliano Ramírez,108,Brasil,México,Arquero
América del Norte,20,1,Emiliano Ramírez Jiménez,11,Ecuador,México,Defensa central
América del Norte,21,4,Emiliano Rodríguez,24,México,México,Lateral derecho
América del Sur,19,9,Emiliano Rodríguez Molina,13,Argentina,Argentina,Extremo derecho
África,25,12,Emmanuel Adebayo,34,Alemania,Nigeria,Delantero centro
África,30,1,Emmanuel Balogun,50,Nigeria,Nigeria,Defensa central
África,20,11,Emmanuel Eze,18,Nigeria,Nigeria,Delantero centro
África,21,26,Emmanuel Okafor,37,Nigeria,Nigeria,Delantero centro
África,32,13,Emmanuel Osimhen,37,Brasil,Nigeria,Delantero centro
América del Norte,21,11,Ethan Johnson,27,Senegal,Estados Unidos,Extremo derecho
América del Norte,21,3,Ethan Miller,15,España,Estados Unidos,Defensa central
América del Norte,28,5,Ethan Miller Pulisic,37,España,Estados Unidos,Lateral derecho
América del Sur,36,11,Facundo González,36,España,Argentina,Delantero centro
América del Sur,23,5,Facundo Romero,7,Nigeria,Argentina,Delantero centro
América del Sur,22,0,Facundo Romero Fernández,7,Estados Unidos,Argentina,Defensa central
América del Sur,34,10,Facundo Romero Molina,120,Portugal,Argentina,Lateral derecho
América del Sur,36,4,Felipe Almeida,100,Brasil,Brasil,Defensa central
América del Sur,31,6,Felipe Lima,27,Brasil,Brasil,Defensa central
América del Sur,35,3,Felipe Santos,66,Argentina,Brasil,Defensa central
América del Sur,30,14,Felipe Santos Almeida,77,Alemania,Brasil,Extremo izquierdo
América del Sur,25,0,Felipe Silva,25,Brasil,Brasil,Lateral derecho
América del Sur,33,0,Felipe Souza,79,Brasil,Brasil,Arquero
Europa,20,1,Ferran Moreno,1,España,España,Delantero centro
Europa,21,2,Ferran Moreno Pérez,12,España,España,Lateral izquierdo
Europa,34,22,Ferran Moreno Ruiz,83,España,España,Mediocampista ofensivo
Europa,31,4,Ferran Pérez,57,España,España,Lateral izquierdo
Europa,32,0,Ferran Pérez Torres,99,Francia,España,Arquero
Europa,24,11,Florian Becker,29,Inglaterra,Alemania,Extremo izquierdo
Europa,31,11,Florian Becker Müller,58,Alemania,Alemania,Lateral derecho
Europa,19,0,Florian Fischer,18,Japón,Alemania,Defensa central
Europa,18,2,Florian Koch,2,Alemania,Alemania,Delantero centro
Europa,32,29,Florian Schneider,51,Alemania,Alemania,Delantero centro
Europa,34,1,Florian Wagner,39,Francia,Alemania,Lateral izquierdo
Europa,25,6,Florian Weber,55,Alemania,Alemania,Lateral izquierdo
América del Sur,25,6,Franco Acuña,53,Argentina,Argentina,Defensa central
América del Sur,22,2,Franco González,13,Argentina,Argentina,Lateral derecho
América del Sur,26,7,Franco Pérez,12,Brasil,Argentina,Extremo derecho
América del Sur,32,7,Franco Rodríguez,45,España,Argentina,Lateral izquierdo
América del Sur,31,40,Gabriel Almeida,57,Brasil,Brasil,Delantero centro
América del Sur,23,4,Gabriel Almeida Almeida,22,Brasil,Brasil,Mediocampista defensivo
América del Sur,30,8,Gabriel Lima,49,México,Brasil,Extremo izquierdo
América del Sur,18,1,Gabriel Lima Barbosa,8,México,Brasil,Lateral izquierdo
América del Sur,22,0,Gabriel Oliveira,11,México,Brasil,Arquero
América del Sur,23,6,Gabriel Souza,18,Argentina,Brasil,Mediocampista defensivo
América del Sur,24,0,Gabriel Souza Oliveira,14,España,Brasil,Arquero
Europa,30,2,Gavi Moreno,63,Brasil,España,Defensa central
Europa,22,5,Gavi Moreno Pérez,33,España,España,Lateral izquierdo
Europa,26,6,Gavi Sánchez,62,España,España,Mediocampista ofensivo
Europa,18,1,Gavi Torres,4,España,España,Lateral izquierdo
América del Norte,34,17,Gio Carter,72,Estados Unidos,Estados Unidos,Extremo izquierdo
América del Norte,31,13,Gio Johnson,112,Estados Unidos,Estados Unidos,Delantero centro
América del Norte,38,20,Gio Pulisic,128,México,Estados Unidos,Mediocampista ofensivo
América del Norte,39,0,Gio Reyna,32,Brasil,Estados Unidos,Arquero
América del Norte,32,8,Gio Reyna Johnson,103,Estados Unidos,Estados Unidos,Extremo derecho
América del Norte,35,13,Gio Reyna Zimmerman,78,Estados Unidos,Estados Unidos,Defensa central
América del Norte,26,0,Gio Zimmerman,40,Ecuador,Estados Unidos,Arquero
América del Norte,19,5,Gio Zimmerman Reyna,23,Francia,Estados Unidos,Mediocampista ofensivo
América del Sur,22,0,Gonzalo Fernández,19,Estados Unidos,Argentina,Defensa central
América del Sur,19,2,Gonzalo Fernández Rodríguez,13,España,Argentina,Mediocampista ofensivo
América del Sur,32,11,Gonzalo González,71,Alemania,Argentina,Delantero centro
América del Sur,23,11,Gonzalo Molina,12,Argentina,Argentina,Delantero centro
América del Sur,32,0,Gonzalo Pérez,17,Estados Unidos,Argentina,Lateral izquierdo
América del Sur,29,1,Gonzalo Romero,79,Alemania,Argentina,Lateral derecho
América del Sur,24,1,Gonzalo Álvarez,32,Alemania,Argentina,Lateral derecho
Europa,28,0,Gonçalo Fernandes,10,Portugal,Portugal,Defensa central
Europa,18,0,Gonçalo Ferreira,0,Portugal,Portugal,Delantero centro
Europa,30,24,Gonçalo Neves,58,Alemania,Portugal,Extremo derecho
Europa,38,23,Gonçalo Ramos,43,Portugal,Portugal,Extremo derecho
Europa,19,0,Gonçalo Santos,6,Portugal,Portugal,Lateral derecho
América del Norte,24,11,Guillermo Jiménez,16,México,México,Delantero centro
América del Norte,25,2,Guillermo Rodríguez,16,México,México,Mediocampista defensivo
América del Norte,21,3,Guillermo Rodríguez Hernández,13,México,México,Lateral izquierdo
África,25,9,Habib Diop,57,Senegal,Senegal,Lateral izquierdo
África,36,9,Habib Fall,98,España,Senegal,Delantero centro
África,22,0,Habib Gueye,26,Senegal,Senegal,Lateral derecho
África,35,6,Habib Koulibaly,42,Senegal,Senegal,Defensa central
África,37,19,Habib Mané,73,Senegal,Senegal,Extremo izquierdo
África,31,1,Habib Ndiaye,70,Alemania,Senegal,Extremo izquierdo
África,34,4,Habib Ndiaye 787,57,Australia,Senegal,Defensa central
África,27,0,Habib Ndiaye Cissé,21,Inglaterra,Senegal,Arquero
África,38,3,Habib Ndiaye Diop,41,Argentina,Senegal,Lateral izquierdo
África,39,2,Hakim Benali,69,Marruecos,Marruecos,Lateral izquierdo
África,23,4,Hakim Bono,46,Marruecos,Marruecos,Lateral derecho
África,19,3,Hakim El Haddadi,10,España,Marruecos,Lateral izquierdo
África,38,11,Hakim El Haddadi Amrabat,115,Marruecos,Marruecos,Mediocampista ofensivo
África,20,2,Hakim El Haddadi Saïss,19,Francia,Marruecos,Defensa central
África,28,1,Hakim En-Nesyri,49,Marruecos,Marruecos,Lateral izquierdo
África,30,5,Hakim Hakimi,45,Marruecos,Marruecos,Lateral derecho
Europa,33,0,Harry Brown,67,España,Inglaterra,Mediocampista defensivo
Europa,38,27,Harry Brown Smith,97,Portugal,Inglaterra,Delantero centro
Oceanía,27,0,Harry Grant,25,Australia,Australia,Arquero
Oceanía,29,3,Harry Grant Maclaren,32,Australia,Australia,Extremo derecho
Europa,32,0,Harry Green,97,Inglaterra,Inglaterra,Defensa central
Oceanía,26,8,Harry Maclaren,44,Australia,Australia,Mediocampista ofensivo
Oceanía,26,10,Harry Maclaren Leckie,57,Australia,Australia,Extremo izquierdo
Oceanía,29,4,Harry Maclaren Rowles,4,Inglaterra,Australia,Delantero centro
Oceanía,25,4,Harry Mooy,38,Portugal,Australia,Lateral derecho
Oceanía,36,0,Harry Ryan,38,Japón,Australia,Arquero
Europa,28,9,Harry Taylor,49,España,Inglaterra,Extremo derecho
Asia,21,11,Hiroki Kamada,30,Estados Unidos,Japón,Extremo derecho
Asia,36,0,Hiroki Kamada Endo,66,Australia,Japón,Arquero
Asia,19,1,Hiroki Kobayashi,9,Japón,Japón,Lateral izquierdo
Asia,38,19,Hiroki Morita,20,Alemania,Japón,Delantero centro
Asia,25,12,Hiroki Tanaka,63,Japón,Japón,Mediocampista ofensivo
Europa,18,6,Hugo Alonso,6,España,España,Extremo izquierdo
Europa,29,11,Hugo Moreno,90,España,España,Defensa central
Europa,23,22,Hugo Pérez,57,Estados Unidos,España,Delantero centro
Europa,34,13,Hugo Ruiz,83,Inglaterra,España,Lateral izquierdo
América del Norte,29,0,Héctor Jiménez,35,Francia,México,Arquero
América del Norte,22,0,Héctor Moreno,35,México,México,Arquero
América del Norte,28,3,Héctor Ramírez,11,México,México,Delantero centro
América del Norte,35,9,Héctor Sánchez,95,México,México,Defensa central
África,33,5,Ibrahim Osimhen,70,Nigeria,Nigeria,Lateral izquierdo
África,29,9,Idrissa Diallo,73,Alemania,Senegal,Defensa central
África,28,3,Idrissa Gueye,34,Marruecos,Senegal,Mediocampista defensivo
África,33,1,Idrissa Koulibaly,90,Marruecos,Senegal,Defensa central
África,38,22,Idrissa Koulibaly Cissé,105,Francia,Senegal,Delantero centro
África,36,14,Idrissa Koulibaly Diop,135,Senegal,Senegal,Lateral derecho
África,26,15,Idrissa Koulibaly Gueye,70,Inglaterra,Senegal,Delantero centro
África,27,0,Idrissa Ndiaye,25,Senegal,Senegal,Mediocampista ofensivo
Europa,21,5,Iker García,12,España,España,Extremo izquierdo
Europa,39,4,Iker Martínez,55,España,España,Mediocampista defensivo
Europa,35,20,Iker Martínez García,27,Marruecos,España,Delantero centro
Europa,21,0,Iker Martínez Rodríguez,5,España,España,Arquero
Europa,18,8,Iker Moreno,13,España,España,Delantero centro
Europa,22,3,Iker Rodríguez,14,Inglaterra,España,Mediocampista defensivo
Europa,21,5,Iker Sánchez,5,Inglaterra,España,Mediocampista ofensivo
África,21,2,Ilias Bono,19,Marruecos,Marruecos,Mediocampista defensivo
África,20,0,Ilias Hakimi,21,Marruecos,Marruecos,Defensa central
África,21,10,Ilias Ziyech,22,Portugal,Marruecos,Delantero centro
África,23,1,Ismaïla Cissé,36,Senegal,Senegal,Lateral izquierdo
África,23,3,Ismaïla Diallo,30,Senegal,Senegal,Lateral derecho
África,20,5,Ismaïla Dieng,7,Nigeria,Senegal,Extremo derecho
África,25,11,Ismaïla Fall,18,Senegal,Senegal,Delantero centro
África,28,27,Ismaïla Fall Dieng,82,Senegal,Senegal,Extremo derecho
África,19,1,Ismaïla Gueye,6,Senegal,Senegal,Lateral izquierdo
África,18,2,Ismaïla Gueye Diop,12,Australia,Senegal,Lateral izquierdo
África,24,0,Ismaïla Koulibaly,37,España,Senegal,Mediocampista defensivo
África,37,7,Ismaïla Mané,66,Senegal,Senegal,Defensa central
África,19,3,Ismaïla Ndiaye,15,Australia,Senegal,Lateral izquierdo
Europa,30,7,Jack Brown,31,Estados Unidos,Inglaterra,Mediocampista defensivo
Europa,31,4,Jack Green,66,Alemania,Inglaterra,Extremo izquierdo
Europa,22,13,Jack Jones,37,Estados Unidos,Inglaterra,Delantero centro
Europa,20,7,Jack Taylor,7,Australia,Inglaterra,Delantero centro
Europa,35,4,Jack Walker,30,Inglaterra,Inglaterra,Extremo izquierdo
Oceanía,19,2,Jackson Goodwin,3,Portugal,Australia,Mediocampista ofensivo
Oceanía,26,5,Jackson Irvine,54,Australia,Australia,Lateral derecho
Oceanía,31,10,Jackson Rowles,60,Japón,Australia,Mediocampista ofensivo
Europa,28,0,James Green,39,Inglaterra,Inglaterra,Lateral derecho
Europa,35,36,James Smith,63,Inglaterra,Inglaterra,Delantero centro
Europa,31,18,James Smith Smith,70,Inglaterra,Inglaterra,Delantero centro
Europa,27,13,James Taylor,36,Inglaterra,Inglaterra,Delantero centro
Europa,23,3,James Taylor King,42,Inglaterra,Inglaterra,Defensa central
Europa,29,7,James Wilson,71,Inglaterra,Inglaterra,Defensa central
Europa,31,0,James Wilson Taylor,134,Inglaterra,Inglaterra,Arquero
Oceanía,23,2,Jamie Maclaren,29,Japón,Australia,Lateral derecho
América del Norte,31,1,Javier García,41,Brasil,México,Lateral izquierdo
América del Norte,31,1,Javier López,60,Inglaterra,México,Defensa central
América del Norte,33,4,Javier Ramírez,39,España,México,Defensa central
América del Sur,19,2,Jeremy Arboleda,5,Francia,Ecuador,Defensa central
América del Sur,24,3,Jeremy Arboleda Valencia,18,España,Ecuador,Mediocampista defensivo
América del Sur,26,6,Jeremy Cedeño,11,Ecuador,Ecuador,Extremo derecho
América del Sur,29,1,Jeremy Cedeño Arboleda,21,Ecuador,Ecuador,Lateral derecho
América del Sur,18,1,Jeremy Cedeño Valencia,1,Ecuador,Ecuador,Delantero centro
América del Sur,35,1,Jeremy Chávez,33,Ecuador,Ecuador,Lateral derecho
América del Sur,18,6,Jhon Mina,6,Ecuador,Ecuador,Extremo derecho
América del Sur,26,14,Jhon Mina Gruezo,59,Ecuador,Ecuador,Extremo derecho
América del Sur,26,2,Jhon Preciado,30,Inglaterra,Ecuador,Lateral izquierdo
América del Sur,21,1,Jhon Preciado Arboleda,30,Ecuador,Ecuador,Lateral derecho
Europa,36,1,Jonas Koch,71,Alemania,Alemania,Lateral izquierdo
Europa,32,2,Jonas Müller,39,Alemania,Alemania,Mediocampista ofensivo
Europa,19,4,Jonas Schmidt,7,Alemania,Alemania,Mediocampista ofensivo
Europa,37,29,Jonas Schneider,57,Alemania,Alemania,Extremo izquierdo
Europa,19,1,Jonas Wagner,2,Francia,Alemania,Lateral derecho
América del Norte,29,2,Jordan Johnson,27,Estados Unidos,Estados Unidos,Lateral izquierdo
América del Norte,34,7,Jordan Miller,51,Argentina,Estados Unidos,Mediocampista ofensivo
América del Norte,19,14,Jordan Morris,16,Estados Unidos,Estados Unidos,Delantero centro
América del Norte,34,0,Jordan Morris Miller,85,Estados Unidos,Estados Unidos,Arquero
América del Norte,19,1,Jordan Morris Pulisic,18,México,Estados Unidos,Mediocampista defensivo
América del Norte,23,6,Jordan Reyna,34,Estados Unidos,Estados Unidos,Defensa central
América del Norte,37,2,Jordan Turner,24,Portugal,Estados Unidos,Defensa central
Europa,35,0,Jordi López,45,Inglaterra,España,Lateral izquierdo
Europa,26,1,Jordi Martínez,62,España,España,Lateral derecho
Europa,22,4,Jordi Sánchez,18,España,España,Defensa central
América del Sur,32,0,Jordy Chávez,86,Nigeria,Ecuador,Arquero
América del Sur,39,0,Jordy Chávez Preciado,56,Ecuador,Ecuador,Arquero
América del Sur,28,11,Jordy Mina,19,Ecuador,Ecuador,Delantero centro
América del Sur,28,0,Jordy Preciado,70,Nigeria,Ecuador,Lateral derecho
Europa,26,4,Joshua Becker,30,Senegal,Alemania,Extremo derecho
Europa,20,5,Joshua Schneider,6,México,Alemania,Mediocampista ofensivo
Europa,29,2,Joshua Schneider Fischer,53,Inglaterra,Alemania,Delantero centro
Europa,25,2,Joshua Weber,23,Alemania,Alemania,Mediocampista ofensivo
América del Sur,32,7,José Caicedo,46,Ecuador,Ecuador,Lateral derecho
América del Sur,23,4,José Gruezo,11,Ecuador,Ecuador,Extremo derecho
América del Sur,39,1,José Preciado,52,Australia,Ecuador,Mediocampista defensivo
América del Sur,19,7,José Quintero,7,Ecuador,Ecuador,Extremo derecho
América del Sur,25,8,José Valencia,13,Ecuador,Ecuador,Delantero centro
América del Sur,20,0,José Valencia Chávez,13,Ecuador,Ecuador,Arquero
América del Sur,34,0,José Valencia Mina,36,México,Ecuador,Defensa central
América del Sur,38,1,João Almeida,14,Brasil,Brasil,Defensa central
América del Sur,38,15,João Almeida Oliveira,23,Senegal,Brasil,Delantero centro
América del Sur,20,0,João Costa,11,Brasil,Brasil,Arquero
América del Sur,26,10,João Costa Costa,12,Francia,Brasil,Delantero centro
América del Sur,21,8,João Costa Oliveira,8,España,Brasil,Extremo izquierdo
América del Sur,24,8,João Ferreira,33,Brasil,Brasil,Extremo derecho
América del Sur,27,13,João Ferreira Lima,69,Brasil,Brasil,Mediocampista defensivo
América del Sur,20,5,João Lima,14,Argentina,Brasil,Mediocampista ofensivo
Europa,30,10,João Neves,30,Portugal,Portugal,Mediocampista ofensivo
Europa,24,14,João Neves Ferreira,27,Portugal,Portugal,Delantero centro
América del Sur,29,1,João Oliveira,83,Brasil,Brasil,Lateral izquierdo
Europa,24,1,João Ramos,8,España,Portugal,Defensa central
Europa,19,5,João Ramos Pereira,24,Alemania,Portugal,Extremo izquierdo
Europa,34,3,João Santos,22,Francia,Portugal,Mediocampista defensivo
América del Sur,33,13,João Santos Barbosa,66,Francia,Brasil,Extremo derecho
América del Sur,38,4,João Santos Souza,103,España,Brasil,Mediocampista defensivo
Europa,23,11,João Silva,11,Japón,Portugal,Delantero centro
Europa,20,1,João Silva Costa,1,Portugal,Portugal,Defensa central
Europa,29,0,João Silva Ramos,59,Portugal,Portugal,Arquero
Europa,26,2,Jude Brown,30,Inglaterra,Inglaterra,Defensa central
Europa,19,10,Jude Brown Walker,11,Alemania,Inglaterra,Extremo izquierdo
Europa,36,1,Jude Jones,118,Inglaterra,Inglaterra,Defensa central
Europa,32,9,Jude Smith,60,Inglaterra,Inglaterra,Lateral izquierdo
Europa,20,6,Jude Walker,18,Inglaterra,Inglaterra,Extremo izquierdo
Europa,24,2,Jude Wright,38,Inglaterra,Inglaterra,Defensa central
Europa,38,0,Jules Camara,37,Francia,Francia,Lateral izquierdo
Europa,38,21,Jules Fofana,33,Francia,Francia,Extremo derecho
Europa,30,2,Jules Kanté,84,México,Francia,Defensa central
Europa,18,2,Jules Mbappé,6,Alemania,Francia,Mediocampista ofensivo
Europa,23,7,Jules Petit,40,Brasil,Francia,Mediocampista defensivo
Europa,33,5,Julian Hoffmann,75,España,Alemania,Mediocampista defensivo
Europa,21,6,Julian Koch,23,Francia,Alemania,Extremo derecho
Europa,32,2,Julian Richter,43,Francia,Alemania,Defensa central
Europa,21,1,Julian Richter Wagner,19,Alemania,Alemania,Mediocampista defensivo
Europa,37,7,Julian Schmidt,52,Alemania,Alemania,Delantero centro
Europa,28,9,Julian Wagner,34,España,Alemania,Mediocampista ofensivo
Europa,24,12,Julian Wagner Becker,19,Japón,Alemania,Extremo derecho
Europa,22,5,Julian Weber,13,Senegal,Alemania,Mediocampista ofensivo
América del Sur,33,6,Julián Martínez,74,México,Argentina,Extremo izquierdo
América del Sur,23,4,Julián Romero,21,Ecuador,Argentina,Defensa central
Europa,20,7,Kai Koch,11,Marruecos,Alemania,Delantero centro
Europa,24,2,Kai Richter,39,Alemania,Alemania,Lateral izquierdo
Europa,22,2,Kai Richter Müller,11,Alemania,Alemania,Delantero centro
Europa,29,2,Kai Schneider,28,Alemania,Alemania,Lateral derecho
Europa,31,1,Kai Schneider Hoffmann,33,Alemania,Alemania,Defensa central
Europa,25,6,Kai Schneider Weber,35,Alemania,Alemania,Extremo derecho
África,35,0,Kalidou Diallo,57,España,Senegal,Arquero
África,23,0,Kalidou Diallo Diallo,23,Alemania,Senegal,Lateral izquierdo
África,22,1,Kalidou Dieng,32,Senegal,Senegal,Defensa central
África,31,3,Kalidou Dieng Diallo,56,Inglaterra,Senegal,Mediocampista defensivo
Asia,31,3,Kaoru Kamada,31,Alemania,Japón,Mediocampista defensivo
Asia,35,13,Kaoru Kobayashi,94,Japón,Japón,Extremo derecho
Asia,31,13,Kaoru Nakamura,77,Alemania,Japón,Extremo derecho
Asia,30,4,Kaoru Sato,96,Francia,Japón,Mediocampista defensivo
Asia,30,1,Kaoru Suzuki,21,Japón,Japón,Lateral izquierdo
África,28,7,Kelechi Adebayo,43,Nigeria,Nigeria,Lateral izquierdo
África,37,0,Kelechi Balogun,32,Argentina,Nigeria,Defensa central
África,37,0,Kelechi Eze,59,Nigeria,Nigeria,Arquero
África,30,3,Kelechi Eze Iheanacho,39,Nigeria,Nigeria,Extremo izquierdo
África,39,12,Kelechi Iheanacho,117,Alemania,Nigeria,Lateral izquierdo
África,37,1,Kelechi Nwankwo,86,España,Nigeria,Mediocampista defensivo
América del Sur,38,1,Kevin Caicedo,65,Ecuador,Ecuador,Defensa central
América del Sur,30,8,Kevin Cedeño,73,Ecuador,Ecuador,Lateral derecho
América del Sur,26,1,Kevin Cedeño Arboleda,32,Ecuador,Ecuador,Lateral izquierdo
América del Sur,26,4,Kevin Mina,36,Argentina,Ecuador,Delantero centro
América del Sur,19,10,Kevin Quintero,12,Brasil,Ecuador,Delantero centro
América del Sur,22,0,Kevin Quintero Arboleda,22,España,Ecuador,Arquero
América del Sur,32,20,Kevin Quintero Chávez,74,Ecuador,Ecuador,Delantero centro
América del Sur,37,5,Kevin Valencia,60,Inglaterra,Ecuador,Lateral derecho
Europa,28,8,Kingsley Bernard,66,Francia,Francia,Mediocampista ofensivo
Europa,23,18,Kingsley Dubois,46,España,Francia,Delantero centro
Europa,26,13,Kingsley Dubois Diaby,30,Portugal,Francia,Delantero centro
Europa,18,0,Kingsley Giroud,4,Francia,Francia,Defensa central
Europa,21,0,Kingsley Kanté,18,Senegal,Francia,Arquero
Europa,29,2,Kingsley Martin,78,Francia,Francia,Lateral izquierdo
Europa,31,3,Kingsley Petit,91,España,Francia,Defensa central
Asia,39,0,Koki Endo,54,Japón,Japón,Arquero
Asia,18,2,Koki Morita,2,México,Japón,Delantero centro
Asia,39,2,Koki Sato,90,Japón,Japón,Lateral derecho
Asia,26,11,Koki Sato 944,30,Brasil,Japón,Delantero centro
Asia,28,7,Koki Sato Kamada,18,Japón,Japón,Mediocampista ofensivo
Asia,30,2,Koki Sato Kobayashi,42,Japón,Japón,Lateral derecho
Europa,29,13,Kyle Green,61,Australia,Inglaterra,Delantero centro
Europa,27,1,Kyle Green Wilson,44,Francia,Inglaterra,Lateral derecho
Europa,22,4,Kyle Jones,27,Brasil,Inglaterra,Mediocampista defensivo
Europa,19,6,Kyle Taylor,6,Inglaterra,Inglaterra,Extremo izquierdo
Europa,33,7,Kyle Taylor Smith,17,Francia,Inglaterra,Delantero centro
Europa,36,1,Kyle Walker,49,Alemania,Inglaterra,Defensa central
Europa,25,5,Kyle White,43,Inglaterra,Inglaterra,Mediocampista defensivo
Europa,28,7,Kyle White King,19,Inglaterra,Inglaterra,Extremo izquierdo
Europa,21,1,Kyle Wright,3,Inglaterra,Inglaterra,Defensa central
Europa,20,6,Kylian Diaby,9,Francia,Francia,Extremo izquierdo
Europa,20,3,Kylian Diaby Camara,19,México,Francia,Lateral derecho
Europa,28,0,Kylian Diaby Diaby,61,Francia,Francia,Arquero
Europa,32,8,Kylian Dubois,31,Australia,Francia,Mediocampista defensivo
Europa,35,0,Kylian Dubois Fofana,33,Francia,Francia,Arquero
Europa,39,4,Kylian Fofana,63,Argentina,Francia,Defensa central
Europa,20,1,Kylian Giroud,9,Francia,Francia,Mediocampista defensivo
Europa,18,1,Kylian Kanté,1,Japón,Francia,Mediocampista defensivo
Europa,21,2,Kylian Petit,15,Estados Unidos,Francia,Mediocampista defensivo
Oceanía,38,2,Lachlan Grant,106,Australia,Australia,Lateral izquierdo
Oceanía,39,4,Lachlan Irvine,93,Australia,Australia,Defensa central
Oceanía,33,2,Lachlan Irvine Duke,59,Australia,Australia,Mediocampista ofensivo
Oceanía,18,1,Lachlan Maclaren,17,Australia,Australia,Lateral derecho
Oceanía,38,13,Lachlan Maclaren Maclaren,82,Australia,Australia,Mediocampista ofensivo
Oceanía,19,1,Lachlan Rowles,2,Portugal,Australia,Lateral derecho
Oceanía,28,0,Lachlan Smith,60,Australia,Australia,Lateral derecho
África,29,0,Lamine Cissé,49,Senegal,Senegal,Arquero
África,28,1,Lamine Cissé Dieng,73,México,Senegal,Lateral derecho
África,22,0,Lamine Cissé Fall,48,Nigeria,Senegal,Arquero
África,34,8,Lamine Dieng,66,España,Senegal,Delantero centro
África,31,2,Lamine Diop,67,Francia,Senegal,Defensa central
África,27,2,Lamine Koulibaly,25,Francia,Senegal,Mediocampista defensivo
África,35,9,Lamine Mané,47,Senegal,Senegal,Lateral derecho
América del Sur,23,0,Lautaro González,45,Argentina,Argentina,Defensa central
América del Sur,21,12,Lautaro Martínez,13,Inglaterra,Argentina,Delantero centro
América del Sur,30,0,Lautaro Álvarez,54,Japón,Argentina,Arquero
América del Sur,33,0,Lautaro Álvarez Romero,81,Marruecos,Argentina,Arquero
Europa,25,16,Leon Koch,31,Alemania,Alemania,Delantero centro
Europa,32,6,Leon Schmidt,28,Alemania,Alemania,Mediocampista ofensivo
Europa,37,9,Leon Schmidt Schneider,78,Alemania,Alemania,Defensa central
Europa,22,6,Leon Weber,17,Alemania,Alemania,Mediocampista ofensivo
Europa,23,1,Leon Weber Fischer,13,Alemania,Alemania,Lateral izquierdo
Europa,36,9,Leon Weber Müller,72,Alemania,Alemania,Lateral derecho
Europa,35,29,Leroy Becker,116,Portugal,Alemania,Delantero centro
Europa,37,7,Leroy Fischer,49,Alemania,Alemania,Defensa central
Europa,29,4,Leroy Hoffmann,33,Alemania,Alemania,Mediocampista ofensivo
Europa,19,0,Leroy Müller,8,México,Alemania,Defensa central
Europa,36,2,Leroy Wagner,108,España,Alemania,Mediocampista ofensivo
América del Sur,28,18,Lucas Acuña,95,España,Argentina,Extremo izquierdo
Europa,28,14,Lucas Camara,69,Ecuador,Francia,Delantero centro
América del Sur,36,14,Lucas Ferreira,92,Ecuador,Brasil,Lateral izquierdo
Europa,37,8,Lucas Fofana,69,Francia,Francia,Lateral izquierdo
América del Sur,18,2,Lucas González,4,Argentina,Argentina,Mediocampista defensivo
América del Sur,32,18,Lucas Lima,80,Inglaterra,Brasil,Delantero centro
América del Sur,33,10,Lucas Lima Ferreira,114,Brasil,Brasil,Lateral derecho
Europa,19,1,Lucas Martin,17,Francia,Francia,Lateral izquierdo
Europa,25,11,Lucas Martin Dubois,30,Francia,Francia,Delantero centro
Europa,26,0,Lucas Mbappé,21,Francia,Francia,Defensa central
América del Sur,26,11,Lucas Oliveira,23,Francia,Brasil,Extremo derecho
América del Sur,28,3,Lucas Pérez,48,Inglaterra,Argentina,Defensa central
América del Sur,19,10,Lucas Rodríguez,10,Estados Unidos,Argentina,Delantero centro
América del Sur,38,10,Lucas Silva,45,Estados Unidos,Brasil,Delantero centro
América del Sur,35,2,Lucas Souza,25,Brasil,Brasil,Defensa central
América del Sur,29,7,Lucas Souza Souza,74,Brasil,Brasil,Lateral izquierdo
América del Sur,39,8,Lucas Álvarez,112,Argentina,Argentina,Delantero centro
América del Sur,37,25,Luis Arboleda,111,Argentina,Ecuador,Extremo izquierdo
América del Sur,28,2,Luis Arboleda Cedeño,29,Argentina,Ecuador,Mediocampista defensivo
América del Sur,22,3,Luis Caicedo,39,Portugal,Ecuador,Extremo derecho
América del Norte,33,2,Luis García,57,Australia,México,Defensa central
América del Norte,34,5,Luis Jiménez,15,Brasil,México,Extremo izquierdo
América del Sur,18,4,Luis Méndez,12,España,Ecuador,Extremo derecho
América del Sur,39,27,Luis Preciado,113,Estados Unidos,Ecuador,Extremo derecho
América del Sur,29,31,Luis Quintero,119,Estados Unidos,Ecuador,Delantero centro
América del Norte,20,11,Luis Ramírez,11,Inglaterra,México,Extremo izquierdo
Europa,24,3,Manuel Fischer,60,España,Alemania,Defensa central
Europa,23,13,Manuel Koch,29,Estados Unidos,Alemania,Delantero centro
Europa,31,0,Marcos García,59,Senegal,España,Arquero
Europa,25,1,Marcos López,14,Marruecos,España,Lateral derecho
Europa,31,6,Marcos Martínez,94,Inglaterra,España,Defensa central
Europa,30,11,Marcos Martínez Sánchez,74,España,España,Mediocampista defensivo
Europa,37,0,Marcos Moreno,72,España,España,Defensa central
Europa,23,0,Marcos Rodríguez,26,España,España,Arquero
Europa,26,6,Marcos Sánchez,20,Inglaterra,España,Extremo izquierdo
Europa,31,9,Marcus Brown,64,Inglaterra,Inglaterra,Lateral derecho
Europa,19,8,Marcus Green,8,Francia,Inglaterra,Extremo izquierdo
Europa,22,2,Marcus Taylor,17,Inglaterra,Inglaterra,Mediocampista defensivo
Europa,28,6,Marcus Walker,49,Inglaterra,Inglaterra,Mediocampista ofensivo
Europa,18,2,Marcus Wilson,15,México,Inglaterra,Mediocampista defensivo
Europa,38,12,Marcus Wright,77,Argentina,Inglaterra,Mediocampista defensivo
Europa,30,2,Marcus Wright Smith,23,España,Inglaterra,Defensa central
Europa,36,0,Mason Green,56,Inglaterra,Inglaterra,Arquero
Europa,21,0,Mason Jones,2,España,Inglaterra,Mediocampista ofensivo
Europa,23,22,Mason Jones Wright,27,Francia,Inglaterra,Delantero centro
Europa,30,0,Mason Taylor,35,Australia,Inglaterra,Lateral derecho
Europa,33,2,Mason Wilson,102,Nigeria,Inglaterra,Lateral derecho
Europa,28,0,Mason Wright,65,Nigeria,Inglaterra,Arquero
América del Sur,23,18,Mateo Fernández,45,Inglaterra,Argentina,Delantero centro
América del Sur,18,1,Mateo Fernández Molina,6,Alemania,Argentina,Mediocampista defensivo
América del Sur,29,12,Mateo Fernández Álvarez,28,Brasil,Argentina,Delantero centro
América del Sur,19,8,Mateo González,8,Inglaterra,Argentina,Extremo izquierdo
América del Sur,32,0,Mateo Sosa,25,España,Argentina,Arquero
América del Sur,20,4,Matheus Almeida,13,Inglaterra,Brasil,Extremo derecho
América del Sur,22,0,Matheus Costa,27,Alemania,Brasil,Mediocampista defensivo
América del Sur,32,6,Matheus Ferreira,55,Francia,Brasil,Delantero centro
América del Sur,18,0,Matheus Pereira,7,Japón,Brasil,Defensa central
América del Sur,22,2,Matheus Silva,30,Brasil,Brasil,Lateral izquierdo
Oceanía,26,9,Mathew Duke,30,Brasil,Australia,Extremo derecho
Oceanía,26,1,Mathew Mooy,20,Australia,Australia,Defensa central
Oceanía,35,33,Mathew Mooy Duke,68,Alemania,Australia,Delantero centro
Oceanía,39,2,Mathew Mooy Ryan,33,Japón,Australia,Mediocampista ofensivo
Oceanía,31,12,Mathew Ryan,101,Francia,Australia,Extremo izquierdo
Oceanía,18,1,Mathew Smith,1,Australia,Australia,Extremo derecho
África,38,4,Mehdi Benali,76,Inglaterra,Marruecos,Lateral derecho
África,36,9,Mehdi Bono,63,Marruecos,Marruecos,Defensa central
África,22,0,Mehdi Hakimi,8,Nigeria,Marruecos,Arquero
África,21,2,Mehdi Mazraoui,34,México,Marruecos,Lateral izquierdo
África,36,16,Mehdi Saïss,64,España,Marruecos,Extremo derecho
América del Sur,22,0,Michael Cedeño,28,Estados Unidos,Ecuador,Defensa central
América del Sur,38,7,Michael Gruezo,41,Argentina,Ecuador,Delantero centro
América del Sur,39,7,Michael Gruezo Cedeño,104,Ecuador,Ecuador,Lateral derecho
América del Sur,30,8,Michael Mina,106,Portugal,Ecuador,Mediocampista ofensivo
América del Sur,36,18,Michael Preciado,42,Ecuador,Ecuador,Extremo derecho
América del Sur,27,20,Michael Quintero,20,Francia,Ecuador,Delantero centro
Europa,22,13,Mike Diaby,28,Alemania,Francia,Mediocampista ofensivo
Europa,34,46,Mike Fofana,78,Francia,Francia,Delantero centro
Europa,23,13,Mike Giroud,13,Alemania,Francia,Delantero centro
Europa,37,2,Mike Kanté,48,México,Francia,Defensa central
Europa,27,0,Mike Kanté Petit,34,Francia,Francia,Lateral derecho
Europa,22,1,Mike Martin,14,Estados Unidos,Francia,Mediocampista defensivo
América del Norte,31,0,Miles Johnson,102,Estados Unidos,Estados Unidos,Arquero
América del Norte,38,3,Miles Johnson Pulisic,77,Estados Unidos,Estados Unidos,Defensa central
América del Norte,35,4,Miles Pulisic,54,Inglaterra,Estados Unidos,Extremo izquierdo
América del Norte,30,3,Miles Reyna,70,Alemania,Estados Unidos,Defensa central
Oceanía,26,1,Mitchell Duke,43,Argentina,Australia,Lateral derecho
Oceanía,32,7,Mitchell Goodwin,54,Australia,Australia,Extremo izquierdo
Oceanía,30,7,Mitchell Grant,41,Japón,Australia,Defensa central
Oceanía,18,3,Mitchell Irvine,16,Australia,Australia,Lateral izquierdo
Oceanía,24,8,Mitchell Maclaren,35,España,Australia,Lateral derecho
Oceanía,35,6,Mitchell Mooy,85,Australia,Australia,Extremo derecho
Oceanía,27,2,Mitchell Rowles,36,Australia,Australia,Lateral derecho
Oceanía,36,13,Mitchell Rowles Ryan,41,España,Australia,Mediocampista ofensivo
África,36,1,Moses Adebayo,10,Nigeria,Nigeria,Lateral derecho
África,22,11,Moses Adebayo Balogun,14,Nigeria,Nigeria,Delantero centro
África,31,5,Moses Musa,6,España,Nigeria,Mediocampista ofensivo
África,18,5,Moses Musa Nwankwo,5,Inglaterra,Nigeria,Delantero centro
África,22,2,Moses Omeruo,18,Inglaterra,Nigeria,Lateral izquierdo
África,36,5,Moses Onyeka,120,Nigeria,Nigeria,Defensa central
África,27,2,Moses Osimhen,28,Nigeria,Nigeria,Lateral izquierdo
África,25,8,Moussa Cissé,26,Portugal,Senegal,Mediocampista ofensivo
África,35,10,Moussa Dieng,60,Francia,Senegal,Extremo derecho
África,19,0,Moussa Diop,13,Inglaterra,Senegal,Arquero
África,26,2,Moussa Diop Diop,32,Francia,Senegal,Mediocampista ofensivo
África,27,3,Moussa Gueye,31,Senegal,Senegal,Lateral derecho
África,38,3,Moussa Gueye Mané,118,Ecuador,Senegal,Defensa central
África,26,1,Moussa Koulibaly,26,Marruecos,Senegal,Lateral izquierdo
África,18,0,Moussa Mané,4,Nigeria,Senegal,Lateral derecho
África,38,6,Moussa Ndiaye,46,Australia,Senegal,Delantero centro
Europa,21,7,Nabil Diaby,7,Francia,Francia,Delantero centro
Europa,30,10,Nabil Dubois,50,Estados Unidos,Francia,Extremo izquierdo
Europa,20,1,Nabil Fofana,12,Argentina,Francia,Defensa central
Europa,27,12,Nabil Martin,34,Argentina,Francia,Mediocampista ofensivo
Europa,39,0,Nabil Mbappé,55,Francia,Francia,Arquero
Europa,27,5,Nabil Mbappé Bernard,34,Brasil,Francia,Mediocampista defensivo
África,25,2,Nayef Benali,21,Francia,Marruecos,Lateral derecho
África,37,5,Nayef Bono,87,Marruecos,Marruecos,Extremo izquierdo
África,35,3,Nayef Bono Saïss,58,Inglaterra,Marruecos,Mediocampista ofensivo
África,33,38,Nayef El Haddadi,69,Francia,Marruecos,Delantero centro
África,34,47,Nayef Hakimi,75,Marruecos,Marruecos,Delantero centro
África,36,31,Nayef Ziyech,86,España,Marruecos,Delantero centro
África,26,10,Nayef Ziyech Amrabat,31,Marruecos,Marruecos,Delantero centro
África,23,1,Nayef Ziyech Bono,27,Portugal,Marruecos,Lateral izquierdo
África,28,2,Nayef Ziyech Saïss,45,Francia,Marruecos,Lateral izquierdo
África,20,2,Nayef Ziyech Ziyech,19,Francia,Marruecos,Lateral derecho
África,24,8,Nicolas Dieng,41,Senegal,Senegal,Extremo derecho
África,25,2,Nicolas Diop,51,Senegal,Senegal,Mediocampista ofensivo
África,27,3,Nicolas Fall,46,Alemania,Senegal,Lateral derecho
África,34,8,Nicolas Mané,24,Portugal,Senegal,Mediocampista ofensivo
África,32,0,Nicolas Mané 677,53,Australia,Senegal,Defensa central
África,39,2,Nicolas Mané 803,29,España,Senegal,Defensa central
África,21,21,Nicolas Mané Dieng,25,Senegal,Senegal,Delantero centro
África,30,5,Nicolas Mané Sarr,61,Portugal,Senegal,Mediocampista ofensivo
África,39,5,Nicolas Ndiaye,74,Senegal,Senegal,Defensa central
América del Sur,18,1,Nicolás Acuña,4,Senegal,Argentina,Lateral izquierdo
América del Sur,35,10,Nicolás Martínez,83,Argentina,Argentina,Mediocampista ofensivo
América del Sur,21,18,Nicolás Molina,23,Argentina,Argentina,Delantero centro
América del Sur,34,2,Nicolás Sosa,52,Francia,Argentina,Mediocampista ofensivo
Europa,30,1,Niklas Fischer,46,Alemania,Alemania,Mediocampista defensivo
Europa,35,1,Niklas Koch,28,Alemania,Alemania,Lateral izquierdo
Europa,38,3,Niklas Richter,66,España,Alemania,Defensa central
Europa,29,19,Niklas Schmidt,65,Alemania,Alemania,Delantero centro
Europa,23,22,Niklas Schmidt Schneider,27,Alemania,Alemania,Delantero centro
Europa,31,1,Niklas Schneider,44,Portugal,Alemania,Mediocampista defensivo
América del Norte,20,6,Noah Adams,22,Estados Unidos,Estados Unidos,Extremo izquierdo
América del Norte,32,16,Noah Miller,64,Estados Unidos,Estados Unidos,Delantero centro
América del Norte,35,41,Noah Miller Pulisic,120,Ecuador,Estados Unidos,Delantero centro
América del Norte,37,20,Noah Reyna,75,Inglaterra,Estados Unidos,Mediocampista ofensivo
América del Norte,36,3,Noah Turner,70,Estados Unidos,Estados Unidos,Lateral izquierdo
América del Norte,23,25,Noah Turner Miller,36,Estados Unidos,Estados Unidos,Delantero centro
América del Norte,21,5,Noah Zimmerman,15,Alemania,Estados Unidos,Mediocampista defensivo
Europa,36,20,Nuno Gomes,75,Portugal,Portugal,Mediocampista ofensivo
Europa,26,27,Nuno Oliveira,62,Inglaterra,Portugal,Delantero centro
Europa,26,4,Nuno Pereira,25,Francia,Portugal,Defensa central
Europa,28,2,Nuno Pereira Silva,37,Alemania,Portugal,Defensa central
Europa,35,21,Nuno Ramos,80,Alemania,Portugal,Delantero centro
Europa,39,5,Nuno Santos,46,Portugal,Portugal,Mediocampista defensivo
Europa,20,0,Nuno Santos Ferreira,22,Inglaterra,Portugal,Lateral izquierdo
Europa,20,0,Nuno Santos Santos,23,Inglaterra,Portugal,Arquero
Europa,31,6,Nuno Silva,118,Francia,Portugal,Defensa central
Europa,38,5,Nuno Silva Gomes,37,Portugal,Portugal,Mediocampista defensivo
Europa,20,11,Olivier Camara,13,Francia,Francia,Extremo izquierdo
Europa,24,0,Olivier Dubois,31,Francia,Francia,Arquero
Europa,30,21,Olivier Giroud,92,Francia,Francia,Delantero centro
Europa,20,3,Olivier Kanté,11,Marruecos,Francia,Defensa central
Europa,20,18,Olivier Kanté Bernard,18,Portugal,Francia,Delantero centro
Europa,25,8,Olivier Kanté Petit,46,Portugal,Francia,Extremo derecho
Europa,35,37,Olivier Martin,115,Francia,Francia,Delantero centro
Europa,32,10,Olivier Petit,10,Francia,Francia,Delantero centro
África,37,17,Oussama Benali,48,Marruecos,Marruecos,Extremo izquierdo
África,31,14,Oussama En-Nesyri,15,España,Marruecos,Delantero centro
África,18,7,Oussama Mazraoui,11,Francia,Marruecos,Extremo izquierdo
África,31,4,Oussama Ziyech,57,España,Marruecos,Defensa central
Europa,37,12,Pablo Alonso,91,Estados Unidos,España,Defensa central
Europa,30,6,Pablo Alonso Martínez,80,Inglaterra,España,Extremo derecho
Europa,31,0,Pablo Alonso Pérez,33,Inglaterra,España,Arquero
Europa,25,18,Pablo Pérez,35,Francia,España,Delantero centro
Europa,36,1,Pablo Pérez Ruiz,11,España,España,Defensa central
África,24,6,Pape Cissé,30,Inglaterra,Senegal,Mediocampista defensivo
África,27,24,Pape Cissé Diop,29,Brasil,Senegal,Delantero centro
África,37,22,Pape Dieng,113,Senegal,Senegal,Extremo derecho
África,26,6,Pape Koulibaly,19,Senegal,Senegal,Extremo izquierdo
África,23,7,Pape Mané,7,Senegal,Senegal,Extremo izquierdo
África,37,12,Pape Ndiaye,72,Argentina,Senegal,Mediocampista defensivo
Europa,25,0,Pedri Rodríguez,35,Brasil,España,Lateral derecho
Europa,30,0,Pedri Ruiz,50,España,España,Arquero
Europa,36,3,Pedri Ruiz López,50,España,España,Defensa central
Europa,21,1,Pedro Oliveira,17,Inglaterra,Portugal,Defensa central
Europa,32,1,Phil Brown,94,España,Inglaterra,Defensa central
Europa,26,0,Phil Green,38,España,Inglaterra,Arquero
Europa,31,1,Phil Taylor,21,Inglaterra,Inglaterra,Defensa central
Europa,34,2,Phil Taylor King,79,Inglaterra,Inglaterra,Lateral izquierdo
Europa,25,21,Phil Taylor Wright,27,Inglaterra,Inglaterra,Delantero centro
Europa,36,1,Phil Walker,50,Inglaterra,Inglaterra,Defensa central
Europa,27,40,Phil Wilson,65,España,Inglaterra,Delantero centro
Europa,28,8,Phil Wright,74,Inglaterra,Inglaterra,Extremo izquierdo
Europa,37,2,Phil Wright Wilson,65,Inglaterra,Inglaterra,Defensa central
América del Sur,30,2,Rafael Almeida,70,España,Brasil,Lateral derecho
América del Sur,19,1,Rafael Almeida Santos,9,Senegal,Brasil,Defensa central
América del Sur,29,3,Rafael Costa,41,Brasil,Brasil,Lateral izquierdo
Europa,19,2,Rafael Ferreira,24,Portugal,Portugal,Mediocampista ofensivo
América del Sur,32,4,Rafael Ferreira Barbosa,39,México,Brasil,Mediocampista ofensivo
Europa,31,11,Rafael Gomes,112,Portugal,Portugal,Extremo derecho
Europa,39,2,Rafael Pereira,84,Senegal,Portugal,Lateral izquierdo
Europa,28,7,Rafael Pereira Costa,72,Francia,Portugal,Extremo izquierdo
Europa,29,17,Rafael Silva,67,Argentina,Portugal,Mediocampista ofensivo
América del Sur,19,1,Rafael Souza,1,Brasil,Brasil,Delantero centro
Europa,24,3,Randal Camara,15,Francia,Francia,Mediocampista defensivo
Europa,35,3,Randal Giroud,21,México,Francia,Lateral izquierdo
Europa,34,12,Randal Martin,87,España,Francia,Extremo izquierdo
Europa,28,1,Randal Petit,35,Argentina,Francia,Lateral derecho
Europa,34,27,Randal Petit Giroud,104,México,Francia,Delantero centro
América del Norte,30,12,Raúl Hernández,55,Portugal,México,Mediocampista defensivo
América del Norte,21,7,Raúl Jiménez,16,Ecuador,México,Mediocampista ofensivo
América del Norte,31,0,Raúl Jiménez López,66,Ecuador,México,Arquero
América del Norte,27,1,Raúl Martínez,17,Inglaterra,México,Lateral derecho
América del Norte,32,14,Raúl Rodríguez,101,México,México,Extremo derecho
América del Norte,34,2,Raúl Rodríguez Ramírez,112,México,México,Mediocampista defensivo
América del Norte,34,21,Raúl Sánchez,50,España,México,Delantero centro
Oceanía,19,4,Riley Duke,12,Portugal,Australia,Mediocampista ofensivo
Oceanía,20,0,Riley Goodwin,10,Australia,Australia,Arquero
Oceanía,35,13,Riley Leckie,73,Australia,Australia,Lateral derecho
Oceanía,25,1,Riley Smith,28,Senegal,Australia,Lateral derecho
Asia,23,9,Ritsu Endo,44,España,Japón,Mediocampista ofensivo
Asia,37,5,Ritsu Sato,65,Japón,Japón,Lateral izquierdo
Asia,35,15,Ritsu Yamamoto,58,España,Japón,Delantero centro
América del Sur,22,1,Rodrygo Almeida,3,Brasil,Brasil,Mediocampista defensivo
América del Sur,19,5,Rodrygo Almeida Costa,13,Brasil,Brasil,Mediocampista defensivo
América del Sur,38,6,Rodrygo Costa,53,España,Brasil,Mediocampista ofensivo
América del Sur,20,1,Rodrygo Lima,2,Brasil,Brasil,Mediocampista ofensivo
América del Sur,27,1,Rodrygo Lima Ferreira,57,Estados Unidos,Brasil,Mediocampista ofensivo
América del Sur,29,2,Rodrygo Pereira,63,Brasil,Brasil,Mediocampista defensivo
América del Sur,27,38,Rodrygo Santos,60,Japón,Brasil,Delantero centro
América del Sur,22,11,Rodrygo Souza,18,Brasil,Brasil,Extremo izquierdo
América del Sur,32,5,Rodrygo Souza Oliveira,22,Brasil,Brasil,Lateral derecho
América del Sur,20,9,Rodrygo Souza Pereira,9,Brasil,Brasil,Delantero centro
África,30,22,Romain El Haddadi,94,Alemania,Marruecos,Delantero centro
África,25,4,Romain El Haddadi Saïss,35,Portugal,Marruecos,Lateral derecho
África,38,6,Romain El Idrissi,37,Marruecos,Marruecos,Extremo derecho
África,30,7,Romain Hakimi,83,Francia,Marruecos,Mediocampista defensivo
África,39,25,Romain Saïss,63,Marruecos,Marruecos,Delantero centro
Europa,23,6,Rúben Ferreira,31,Portugal,Portugal,Lateral izquierdo
Europa,22,2,Rúben Gomes,3,Inglaterra,Portugal,Mediocampista defensivo
Europa,27,9,Rúben Gomes Pereira,61,España,Portugal,Mediocampista defensivo
Europa,39,16,Rúben Santos,26,Japón,Portugal,Delantero centro
Europa,21,16,Rúben Santos Neves,18,Portugal,Portugal,Extremo derecho
Europa,36,3,Rúben Silva,36,Portugal,Portugal,Mediocampista defensivo
África,38,1,Sadio Cissé,69,Senegal,Senegal,Lateral izquierdo
África,21,7,Sadio Diallo,17,Senegal,Senegal,Mediocampista ofensivo
África,26,32,Sadio Dieng,51,España,Senegal,Delantero centro
África,33,3,Sadio Koulibaly,112,Senegal,Senegal,Mediocampista defensivo
África,34,0,Sadio Koulibaly Koulibaly,27,Senegal,Senegal,Arquero
África,24,8,Samuel Adebayo,31,Nigeria,Nigeria,Extremo derecho
África,34,21,Samuel Balogun,57,Inglaterra,Nigeria,Delantero centro
África,26,8,Samuel Balogun Musa,54,Nigeria,Nigeria,Extremo izquierdo
África,33,4,Samuel Eze,58,Francia,Nigeria,Mediocampista defensivo
África,29,2,Samuel Iheanacho,34,Alemania,Nigeria,Lateral izquierdo
África,23,6,Samuel Okafor,38,Ecuador,Nigeria,Defensa central
África,32,3,Samuel Onyeka,17,España,Nigeria,Lateral derecho
África,34,2,Samuel Osimhen,114,España,Nigeria,Lateral izquierdo
América del Sur,28,6,Santiago Acuña,42,Argentina,Argentina,Mediocampista defensivo
América del Norte,27,8,Santiago García,54,México,México,Extremo izquierdo
América del Sur,24,7,Santiago González,30,Portugal,Argentina,Extremo derecho
América del Norte,26,0,Santiago Hernández,34,Ecuador,México,Arquero
América del Norte,22,3,Santiago Moreno,3,México,México,Extremo derecho
América del Sur,38,8,Santiago Pérez,102,Inglaterra,Argentina,Extremo derecho
América del Sur,34,0,Santiago Pérez Rodríguez,35,Alemania,Argentina,Arquero
América del Sur,38,0,Santiago Rodríguez,62,Francia,Argentina,Arquero
América del Sur,21,6,Santiago Romero,19,Francia,Argentina,Mediocampista ofensivo
América del Norte,28,18,Santiago Sánchez,88,México,México,Delantero centro
Europa,36,4,Serge Becker,39,Alemania,Alemania,Mediocampista defensivo
Europa,19,0,Serge Koch,3,Alemania,Alemania,Arquero
Europa,24,5,Serge Schmidt,33,Alemania,Alemania,Mediocampista defensivo
Europa,20,0,Serge Schmidt Becker,11,Alemania,Alemania,Arquero
Europa,28,1,Serge Weber,34,Francia,Alemania,Lateral derecho
Europa,21,1,Sergio García,28,Senegal,España,Lateral derecho
Europa,33,20,Sergio Martínez,42,Portugal,España,Delantero centro
Europa,29,6,Sergio Moreno,30,España,España,Lateral derecho
Europa,19,3,Sergio Moreno López,11,España,España,Mediocampista defensivo
Europa,18,0,Sergio Pérez,4,Japón,España,Arquero
Europa,24,3,Sergio Ruiz,30,Francia,España,Lateral derecho
Europa,26,1,Sergio Sánchez,62,Francia,España,Mediocampista defensivo
Europa,23,4,Sergio Torres,45,Inglaterra,España,Defensa central
Asia,26,2,Shoya Ito,31,Japón,Japón,Mediocampista defensivo
Asia,24,8,Shoya Kobayashi,45,Japón,Japón,Lateral derecho
Asia,30,20,Shoya Sato,51,Japón,Japón,Mediocampista ofensivo
Asia,24,4,Shoya Suzuki,55,Japón,Japón,Mediocampista defensivo
Asia,27,20,Shoya Yamamoto,57,Japón,Japón,Delantero centro
África,28,0,Sofiane El Haddadi,18,México,Marruecos,Arquero
África,24,19,Sofiane El Idrissi,33,España,Marruecos,Extremo izquierdo
África,19,1,Sofiane El Idrissi Mazraoui,7,Argentina,Marruecos,Lateral derecho
África,36,0,Taiwo Balogun,76,Nigeria,Nigeria,Arquero
África,31,3,Taiwo Okafor,82,Nigeria,Nigeria,Mediocampista defensivo
África,39,5,Taiwo Omeruo,83,España,Nigeria,Lateral izquierdo
África,25,2,Taiwo Onyeka,36,Nigeria,Nigeria,Mediocampista defensivo
Asia,25,4,Takefusa Kamada,54,Inglaterra,Japón,Lateral izquierdo
Asia,36,7,Takefusa Morita,75,España,Japón,Delantero centro
Asia,29,0,Takefusa Nakamura,62,Japón,Japón,Arquero
Asia,34,7,Takefusa Sato,113,Japón,Japón,Mediocampista defensivo
Asia,21,1,Takumi Ito,27,Alemania,Japón,Mediocampista defensivo
Asia,23,3,Takumi Ito Endo,24,España,Japón,Mediocampista defensivo
Asia,21,7,Takumi Kamada,12,Alemania,Japón,Extremo izquierdo
Asia,27,4,Takumi Morita,31,Japón,Japón,Mediocampista defensivo
Asia,18,1,Takumi Sato,1,Ecuador,Japón,Extremo izquierdo
Asia,25,16,Takumi Suzuki,59,España,Japón,Extremo derecho
Asia,19,0,Takumi Yamamoto,8,Japón,Japón,Arquero
América del Sur,36,0,Thiago Acuña,56,Inglaterra,Argentina,Arquero
América del Sur,29,8,Thiago Acuña Martínez,90,Argentina,Argentina,Lateral derecho
América del Sur,37,0,Thiago Fernández,21,Argentina,Argentina,Defensa central
América del Sur,18,1,Thiago Fernández González,3,Inglaterra,Argentina,Lateral derecho
América del Sur,30,5,Thiago Martínez,42,Argentina,Argentina,Defensa central
América del Sur,29,3,Thiago Molina,88,Argentina,Argentina,Defensa central
América del Sur,20,23,Thiago Romero,29,España,Argentina,Delantero centro
América del Sur,38,7,Thiago Álvarez,75,Argentina,Argentina,Lateral derecho
América del Sur,38,10,Thiago Álvarez Fernández,115,Argentina,Argentina,Mediocampista ofensivo
América del Sur,29,7,Thiago Álvarez Pérez,70,Brasil,Argentina,Extremo derecho
América del Sur,23,7,Thiago Álvarez Romero,19,Argentina,Argentina,Delantero centro
Europa,39,29,Thomas Fischer,112,Alemania,Alemania,Delantero centro
Europa,31,0,Thomas Koch,59,Alemania,Alemania,Lateral izquierdo
Europa,26,7,Thomas Müller,59,Alemania,Alemania,Lateral izquierdo
Europa,33,22,Thomas Richter,68,Alemania,Alemania,Delantero centro
Europa,21,2,Thomas Schmidt,12,Francia,Alemania,Lateral derecho
Europa,22,3,Thomas Schneider,28,España,Alemania,Lateral derecho
Europa,25,2,Théo Bernard,35,Francia,Francia,Mediocampista defensivo
Europa,29,20,Théo Diaby,54,Francia,Francia,Delantero centro
Europa,35,0,Théo Fofana,57,Francia,Francia,Lateral izquierdo
Europa,33,0,Théo Fofana Petit,106,Argentina,Francia,Defensa central
Europa,23,1,Théo Giroud,45,Portugal,Francia,Mediocampista defensivo
Europa,23,1,Timo Richter,35,Alemania,Alemania,Lateral derecho
Europa,38,2,Timo Schneider,55,Alemania,Alemania,Mediocampista ofensivo
Europa,24,3,Timo Weber,35,Francia,Alemania,Lateral izquierdo
América del Norte,33,25,Timothy Adams,88,Estados Unidos,Estados Unidos,Extremo derecho
América del Norte,25,1,Timothy Johnson,21,Estados Unidos,Estados Unidos,Defensa central
América del Norte,28,5,Timothy Miller,49,Brasil,Estados Unidos,Mediocampista defensivo
América del Norte,32,2,Timothy Morris,17,Estados Unidos,Estados Unidos,Defensa central
América del Norte,21,15,Timothy Reyna,21,Alemania,Estados Unidos,Delantero centro
América del Norte,28,14,Timothy Robinson,66,Estados Unidos,Estados Unidos,Extremo izquierdo
América del Norte,25,4,Timothy Turner,18,Estados Unidos,Estados Unidos,Mediocampista ofensivo
América del Norte,18,0,Timothy Zimmerman,2,México,Estados Unidos,Lateral derecho
Europa,22,6,Trent Walker,14,Inglaterra,Inglaterra,Extremo derecho
América del Norte,34,11,Tyler Miller,77,Inglaterra,Estados Unidos,Defensa central
América del Norte,36,44,Tyler Pulisic,121,Argentina,Estados Unidos,Delantero centro
América del Norte,24,2,Tyler Reyna,6,Estados Unidos,Estados Unidos,Mediocampista ofensivo
América del Norte,26,1,Uriel Chávez,10,Estados Unidos,México,Lateral izquierdo
América del Norte,32,4,Uriel Jiménez,47,México,México,Mediocampista defensivo
América del Norte,27,0,Uriel Jiménez García,64,México,México,Arquero
América del Norte,29,0,Uriel López,46,Nigeria,México,Arquero
América del Norte,32,5,Uriel López Hernández,5,México,México,Extremo derecho
América del Norte,21,2,Uriel López Sánchez,24,México,México,Lateral derecho
América del Norte,21,0,Uriel Rodríguez,34,México,México,Arquero
África,22,0,Victor Musa,23,Inglaterra,Nigeria,Defensa central
África,37,60,Victor Okafor,77,Senegal,Nigeria,Delantero centro
África,23,3,Victor Omeruo,15,Portugal,Nigeria,Defensa central
África,34,21,Victor Omeruo Balogun,41,Nigeria,Nigeria,Delantero centro
África,35,10,Victor Onyeka,89,Nigeria,Nigeria,Lateral izquierdo
África,23,5,Victor Onyeka Eze,47,Nigeria,Nigeria,Mediocampista ofensivo
Europa,33,5,Vitinha Costa,108,Marruecos,Portugal,Lateral derecho
Europa,28,24,Vitinha Fernandes,61,Portugal,Portugal,Delantero centro
Europa,35,6,Vitinha Neves,63,España,Portugal,Extremo derecho
Europa,20,0,Vitinha Oliveira,22,Portugal,Portugal,Arquero
Europa,30,2,Vitinha Pereira,29,Portugal,Portugal,Defensa central
Europa,35,33,Vitinha Ramos,46,España,Portugal,Delantero centro
América del Norte,22,1,Walker Adams,19,España,Estados Unidos,Lateral derecho
América del Norte,28,14,Walker Johnson,34,Argentina,Estados Unidos,Delantero centro
América del Norte,36,0,Walker Turner,63,Estados Unidos,Estados Unidos,Arquero
América del Norte,27,17,Walker Zimmerman,34,Estados Unidos,Estados Unidos,Extremo izquierdo
Asia,23,4,Wataru Ito,21,Japón,Japón,Lateral izquierdo
Asia,33,46,Wataru Suzuki,73,Inglaterra,Japón,Delantero centro
América del Norte,24,19,Weston Morris,19,Portugal,Estados Unidos,Delantero centro
América del Norte,21,2,Weston Morris Carter,28,Alemania,Estados Unidos,Defensa central
África,27,5,Youssef El Idrissi,10,Marruecos,Marruecos,Extremo derecho
África,27,0,Youssef En-Nesyri,80,Marruecos,Marruecos,Arquero
África,38,8,Youssef Mazraoui,84,España,Marruecos,Lateral izquierdo
Asia,21,0,Yuto Endo,34,Australia,Japón,Lateral derecho
Asia,18,0,Yuto Ito,10,Japón,Japón,Arquero
Asia,36,8,Yuto Kobayashi,41,Francia,Japón,Extremo derecho
Asia,23,9,Yuto Tanaka,16,Japón,Japón,Delantero centro
Europa,39,7,Álvaro Moreno,77,Francia,España,Lateral derecho
Europa,36,0,Álvaro Rodríguez,46,España,España,Arquero
Europa,32,14,Álvaro Ruiz,86,Japón,España,Defensa central
Europa,33,2,Álvaro Torres,63,España,España,Lateral derecho
América del Sur,36,10,Ángel Gruezo,18,Ecuador,Ecuador,Extremo derecho
América del Sur,21,2,Ángel Preciado,14,México,Ecuador,Defensa central
